<root xmlType="product" name="prod_4575SB" versionXML="1.1">
   <cod brand="0" code="0">4575SB</cod>
   <cod brand="1" code="1">L/N/NT4575SB</cod>
   <cod brand="1" code="3">HC/HS4575SB</cod>
   <modobj>23</modobj>
   <typeobj>2</typeobj>
   <desc G_name="" P_name="description"/>
   <configTY>1</configTY>
   <SWvs>5.0.0</SWvs>
   <conf>
      <conf num="1" pos="1">
         <desc G_name="c_ambient" P_name=""/>
         <name>A</name>
         <val value="0">0</val>
         <val value="1">1</val>
         <val value="2">2</val>
         <val value="3">3</val>
         <val value="4">4</val>
         <val value="5">5</val>
         <val value="6">6</val>
         <val value="7">7</val>
         <val value="8">8</val>
         <val value="9">9</val>
		 <val value="14" name="amb">AMB</val>
		 <val value="13" name="gr">GR</val>
		 <val value="12" name="gen">GEN</val>
		 <val value="15" name="aux">AUX</val>
      </conf>
      <conf num="2" pos="2">
         <desc G_name="c_pl" P_name=""/>
         <name>PL1</name>
         <val value="0">0</val>
         <val value="1">1</val>
         <val value="2">2</val>
         <val value="3">3</val>
         <val value="4">4</val>
         <val value="5">5</val>
         <val value="6">6</val>
         <val value="7">7</val>
         <val value="8">8</val>
         <val value="9">9</val>
      </conf>
     <conf num="3" pos="3">
         <desc G_name="c_mode" P_name=""/>
         <name>M1</name>
         <val value="0">0</val>
         <val value="1">1</val>
		 <val value="2">2</val>
         <val value="3">3</val>
         <val value="4">4</val>
         <val value="5">5</val>
         <val value="6">6</val>
         <val value="7">7</val>
         <val value="8">8</val>
		 <val value="9">9</val>
         <val value="14">CEN</val>
		 <val value="9" name="OI">O/I</val>
		 <val value="10" name="Off">OFF</val>
		 <val value="11" name="On">ON</val>
		 <val value="12" name="Giu">=</val>
		 <val value="13" name="Giu motore">=M</val>
		 <val value="14" name="cen">CEN</val>
		 <val value="15" name="pul">PUL</val>
   </conf>
   <conf num="3" pos="3">
         <desc G_name="c_pl" P_name=""/>
         <name>PL2</name>
         <val value="0">0</val>
         <val value="1">1</val>
         <val value="2">2</val>
         <val value="3">3</val>
         <val value="4">4</val>
         <val value="5">5</val>
         <val value="6">6</val>
         <val value="7">7</val>
         <val value="8">8</val>
         <val value="9">9</val>
      </conf>
     <conf num="4" pos="4">
         <desc G_name="c_mode" P_name=""/>
         <name>M2</name>
         <val value="0">0</val>
         <val value="1">1</val>
		 <val value="2">2</val>
         <val value="3">3</val>
         <val value="4">4</val>
         <val value="5">5</val>
         <val value="6">6</val>
         <val value="7">7</val>
         <val value="8">8</val>
		 <val value="9">9</val>
         <val value="14">CEN</val>
		 <val value="9" name="OI">O/I</val>
		 <val value="10" name="Off">OFF</val>
		 <val value="11" name="On">ON</val>
		 <val value="12" name="Giu">=</val>
		 <val value="13" name="Giu motore">=M</val>
		 <val value="14" name="cen">CEN</val>
		 <val value="15" name="pul">PUL</val>
   </conf>
   <conf num="5" pos="5">
         <desc G_name="c_pl" P_name=""/>
         <name>SPE</name>
         <val value="0">0</val>
         <val value="1">1</val>
         <val value="6">6</val>
         <val value="8">8</val>
         <val value="9">9</val>
      </conf>
   <dia type="A">
		<bit num="0" name="occupato" />
		<bit num="1" name="HD" />
		<bit num="2" name="wrongConfig" />
		<bit num="3" name="sistema" />
		<bit num="4" name="configuratori" />
		<bit num="5" name="d_abilitato" />
		<bit num="16" name="E2e" />
		<bit num="17" name="pp" />
		<bit num="18" name="carico" />
		<bit num="19" name="Dali" />
		<bit num="20" name="E2i" />
		<bit num="21" name="Memory" />
	</dia>
</root>
