<root xmlType="product" name="prod_4654" versionXML="1.1">
   <cod brand="0" code="0">HC/HS/L/N/NT4654</cod>
   <cod brand="1" code="1">L/N/NT4654</cod>
   <cod brand="1" code="3">HC/HS4654</cod>
   <cod brand="1" code="1">AM 5834</cod>
   <cod brand="2" code="1">683075</cod>
   <cod brand="2" code="2">573900</cod>
   <cod brand="2" code="3">078465</cod>
   <modobj>22</modobj>
   <typeobj>2</typeobj>
   <desc G_name="" P_name="description"/>
   <configTY>1</configTY>
   <SWvs>5.0.0</SWvs>
   <conf>
      <conf num="1" pos="1">
         <desc G_name="c_ambient" P_name=""/>
         <name>A</name>
         <val value="0">0</val>
         <val value="1">1</val>
         <val value="2">2</val>
         <val value="3">3</val>
         <val value="4">4</val>
         <val value="5">5</val>
         <val value="6">6</val>
         <val value="7">7</val>
         <val value="8">8</val>
         <val value="9">9</val>
      </conf>
      <conf num="2" pos="2">
         <desc G_name="c_pl" P_name=""/>
         <name>PL1</name>
         <val value="0">0</val>
         <val value="1">1</val>
         <val value="2">2</val>
         <val value="3">3</val>
         <val value="4">4</val>
         <val value="5">5</val>
         <val value="6">6</val>
         <val value="7">7</val>
         <val value="8">8</val>
         <val value="9">9</val>
         <val value="10">OFF</val>
         <val value="11">ON</val>
         <val value="12">GEN</val>
         <val value="12">=</val>
         <val value="13">=M</val>
         <val value="14">AMB</val>
      </conf>
      <conf num="3" pos="3">
         <desc G_name="c_pl" P_name=""/>
         <name>PL2</name>
         <val value="0">0</val>
         <val value="1">1</val>
         <val value="2">2</val>
         <val value="3">3</val>
         <val value="4">4</val>
         <val value="5">5</val>
         <val value="6">6</val>
         <val value="7">7</val>
         <val value="8">8</val>
         <val value="9">9</val>
         <val value="10">OFF</val>
         <val value="11">ON</val>
         <val value="12">GEN</val>
         <val value="12">=</val>
         <val value="13">=M</val>
         <val value="14">AMB</val>
      </conf>
      <conf num="4" pos="4">
         <desc G_name="c_pl" P_name=""/>
         <name>PL3</name>
         <val value="0">0</val>
         <val value="1">1</val>
         <val value="2">2</val>
         <val value="3">3</val>
         <val value="4">4</val>
         <val value="5">5</val>
         <val value="6">6</val>
         <val value="7">7</val>
         <val value="8">8</val>
         <val value="9">9</val>
         <val value="10">OFF</val>
         <val value="11">ON</val>
         <val value="12">GEN</val>
         <val value="12">=</val>
         <val value="13">=M</val>
         <val value="14">AMB</val>
      </conf>
      <conf num="5" pos="5">
         <desc G_name="c_pl" P_name=""/>
         <name>PL4</name>
         <val value="0">0</val>
         <val value="1">1</val>
         <val value="2">2</val>
         <val value="3">3</val>
         <val value="4">4</val>
         <val value="5">5</val>
         <val value="6">6</val>
         <val value="7">7</val>
         <val value="8">8</val>
         <val value="9">9</val>
         <val value="10">OFF</val>
         <val value="11">ON</val>
         <val value="12">GEN</val>
         <val value="12">=</val>
         <val value="13">=M</val>
         <val value="14">AMB</val>
      </conf>
      <conf num="6" pos="6">
         <desc G_name="c_mode" P_name=""/>
         <name>M</name>
         <val value="0">0</val>
         <val value="1">1</val>
         <val value="2">2</val>
         <val value="3">3</val>
         <val value="4">4</val>
         <val value="5">5</val>
         <val value="6">6</val>
         <val value="7">7</val>
         <val value="8">8</val>
         <val value="9">9</val>
         <val value="12">GEN</val>
      </conf>
   </conf>
   <dia type="A">
      <!--		<bit num="1" name="HD" />-->
      <bit num="4" name="configuratori"/>
      <bit num="20" name="E2i"/>
   </dia>
</root>
