<root xmlType="product" name="prod_4656" versionXML="1.1">
   <cod bran="0" code="0">L/H4656</cod>
   <cod bran="1" code="1">L4656</cod>
   <cod bran="1" code="3">H4656</cod>
   <modobj>10</modobj>
   <typeobj>1</typeobj>
   <desc G_name="" P_name="description"/>
   <configTY>1</configTY>
   <SWvs>1.0.0</SWvs>
   <conf>
      <conf num="1" pos="1">
         <desc G_name="c_ambient" P_name=""/>
         <name>A</name>
         <val value="0">0</val>
         <val value="1">1</val>
         <val value="2">2</val>
         <val value="3">3</val>
         <val value="4">4</val>
         <val value="5">5</val>
         <val value="6">6</val>
         <val value="7">7</val>
         <val value="8">8</val>
         <val value="9">9</val>
         <val value="12">GEN</val>
         <val value="13">GR</val>
         <val value="14">AMB</val>
      </conf>
      <conf num="2" pos="2">
         <desc G_name="c_pl" P_name=""/>
         <name>PL</name>
         <val value="0">0</val>
         <val value="1">1</val>
         <val value="2">2</val>
         <val value="3">3</val>
         <val value="4">4</val>
         <val value="5">5</val>
         <val value="6">6</val>
         <val value="7">7</val>
         <val value="8">8</val>
         <val value="9">9</val>
      </conf>
      <conf num="3" pos="3">
         <desc G_name="c_mode" P_name=""/>
         <name>M1</name>
         <val value="0">0</val>
         <val value="1">1</val>
         <val value="2">2</val>
         <val value="3">3</val>
         <val value="4">4</val>
         <val value="5">5</val>
         <val value="9">9</val>
      </conf>
      <conf num="4" pos="4">
         <desc G_name="c_mode" P_name=""/>
         <name>M2</name>
         <val value="0">0</val>
         <val value="1">1</val>
         <val value="2">2</val>
         <val value="3">3</val>
         <val value="4">4</val>
         <val value="5">5</val>
         <val value="6">6</val>
         <val value="7">7</val>
         <val value="8">8</val>
         <val value="9">9</val>
      </conf>
      <conf num="5" pos="5">
         <desc G_name="c_s" P_name=""/>
         <name>S1</name>
         <val value="0">0</val>
         <val value="1">1</val>
         <val value="2">2</val>
         <val value="3">3</val>
         <val value="4">4</val>
         <val value="5">5</val>
         <val value="9">9</val>
      </conf>
      <conf num="6" pos="6">
         <desc G_name="c_s" P_name=""/>
         <name>S2</name>
         <val value="0">0</val>
         <val value="1">1</val>
         <val value="2">2</val>
         <val value="3">3</val>
         <val value="4">4</val>
         <val value="5">5</val>
         <val value="6">6</val>
         <val value="7">7</val>
         <val value="8">8</val>
         <val value="9">9</val>
      </conf>
      <conf num="7" pos="1">
         <desc G_name="c_i" P_name=""/>
         <name>I</name>
         <val value="0">0</val>
         <val value="1">1</val>
         <val value="2">2</val>
         <val value="3">3</val>
         <val value="4">4</val>
         <val value="5">5</val>
         <val value="6">6</val>
         <val value="7">7</val>
         <val value="8">8</val>
         <val value="9">9</val>
         <val value="14">CEN</val>
      </conf>
   </conf>
   <dia type="A">
      <!--		<bit num="1" name="HD" />-->
      <bit num="4" name="configuratori"/>
      <bit num="20" name="E2i"/>
   </dia>
</root>
