<root xmlType="product" name="prod_4680" versionXML="1.1">
   <cod brand="0" code="0">L/N/NT/HC/HS4680</cod>
   <cod brand="1" code="1">L/N/NT4680</cod>
   <cod brand="1" code="3">HC/HS4680</cod>
   <cod brand="2" code="0">067217</cod>
   <cod brand="2" code="2">573902</cod>
   <modobj>06</modobj>
   <typeobj>1</typeobj>
   <desc G_name="" P_name="description"/>
   <configTY>1</configTY>
   <SWvs>2.0.0</SWvs>
   <conf>
      <conf num="1" pos="1">
         <desc G_name="c_ambient" P_name=""/>
         <name>A</name>
         <val value="0">0</val>
         <val value="1">1</val>
         <val value="2">2</val>
         <val value="3">3</val>
         <val value="4">4</val>
         <val value="5">5</val>
         <val value="6">6</val>
         <val value="7">7</val>
         <val value="8">8</val>
         <val value="9">9</val>
      </conf>
      <conf num="2" pos="2">
         <desc G_name="c_pl" P_name=""/>
         <name>PL</name>
         <val value="1">1</val>
         <val value="2">2</val>
         <val value="3">3</val>
         <val value="4">4</val>
         <val value="5">5</val>
         <val value="6">6</val>
         <val value="7">7</val>
         <val value="8">8</val>
         <val value="9">9</val>
      </conf>
      <conf num="3" pos="3">
         <desc G_name="c_function" P_name=""/>
         <name>M</name>
         <val value="1">1</val>
         <val value="2">2</val>
         <val value="3">3</val>
         <val value="4">4</val>
         <val value="14">CEN</val>
      </conf>
      <conf num="4" pos="4">
         <desc G_name="c_function" P_name=""/>
         <name>N</name>
         <val value="0">0</val>
         <val value="1">1</val>
         <val value="2">2</val>
         <val value="3">3</val>
         <val value="4">4</val>
         <val value="5">5</val>
      </conf>
      <conf num="5" pos="5">
         <desc G_name="c_function" P_name=""/>
         <name>DEL</name>
         <val value="0">0</val>
         <val value="1">1</val>
         <val value="2">2</val>
         <val value="3">3</val>
         <val value="4">4</val>
         <val value="5">5</val>
         <val value="6">6</val>
         <val value="7">7</val>
         <val value="8">8</val>
         <val value="9">9</val>
      </conf>
   </conf>
   <dia type="A">
      <!--		<bit num="1" name="HD" />-->
      <bit num="4" name="configuratori"/>
      <bit num="20" name="E2i"/>
   </dia>
   <KeyObject_list>
		<KO slot="2" default="502">
			<val value="403"/>
			<val value="404"/>
			<val value="405"/>
			<val value="406"/>
			<val value="502"/>
		</KO>
	</KeyObject_list>
</root>
