<root xmlType="product" name="prod_4657" versionXML="1.1">
   <cod brand="0" code="0">HC/HS4657</cod>
   <cod brand="1" code="5">HC/HS4657</cod>
   <modobj>04</modobj>
   <typeobj>1</typeobj>
   <desc G_name="" P_name="description"/>
   <configTY>1</configTY>
   <SWvs>4.0.0</SWvs>
   <conf>
      <conf num="1" pos="1">
         <desc G_name="c_ambient" P_name=""/>
         <name>A</name>
         <val value="0">0</val>
         <val value="1">1</val>
         <val value="2">2</val>
         <val value="3">3</val>
         <val value="4">4</val>
         <val value="5">5</val>
         <val value="6">6</val>
         <val value="7">7</val>
         <val value="8">8</val>
         <val value="9">9</val>
         <val value="12">GEN</val>
         <val value="13">GR</val>
         <val value="14">AMB</val>
      </conf>
      <conf num="2" pos="2">
         <desc G_name="c_pl" P_name=""/>
         <name>PL</name>
         <val value="0">0</val>
         <val value="1">1</val>
         <val value="2">2</val>
         <val value="3">3</val>
         <val value="4">4</val>
         <val value="5">5</val>
         <val value="6">6</val>
         <val value="7">7</val>
         <val value="8">8</val>
         <val value="9">9</val>
      </conf>
      <conf num="3" pos="3">
         <desc G_name="c_function" P_name=""/>
         <name>M</name>
         <val value="0">0</val>
         <val value="1">1</val>
         <val value="2">2</val>
         <val value="3">3</val>
         <val value="4">4</val>
         <val value="5">5</val>
         <val value="6">6</val>
		 <val value="9" name="OI">O&#47;I</val>
		 <val value="12" name="Giu">=</val>
		 <val value="13" name="Giu motore">=M</val>
         <val value="14">CEN</val>
      </conf>
      <conf num="6" pos="6">
         <desc G_name="c_function" P_name=""/>
         <name>INT</name>
         <val value="0">0</val>
         <val value="1">1</val>
		 <val value="2">2</val>
		 <val value="3">3</val>
         <val value="4">4</val>
         <val value="10">OFF</val>
      </conf>
   </conf>
   <dia type="A">
      <!--		<bit num="1" name="HD" />-->
      <bit num="4" name="configuratori"/>
	  <bit num="5" name="d_abilitato" />
      <bit num="17" name="pp"/>
      <bit num="20" name="E2i"/>
   </dia>
</root>
