<root xmlType="product" name="prod_4652_2" versionXML="1.1">
	<cod brand="0" code="0">L/H4652/2</cod>
	<cod brand="1" code="1">L4652/2</cod>
	<cod brand="1" code="2">AM 5832/2</cod>
	<cod brand="1" code="3">H4652/2</cod>
	<cod brand="2" code="0">078471,079171,079173</cod>
    <cod brand="2" code="1">687377</cod>
	<cod brand="2" code="2">573974</cod>
	<cod brand="2" code="3">078473</cod>
	<modobj>02</modobj>
	<typeobj>1</typeobj>
	<desc G_name="" P_name="description"/>
	<configTY>1</configTY>
	<SWvs>5.0.0</SWvs>
	<conf>
		<conf num="1" pos="1">
			<desc G_name="c_ambient" P_name=""/>
			<name>A1</name>
			<val value="0">0</val>
			<val value="1">1</val>
			<val value="2">2</val>
			<val value="3">3</val>
			<val value="4">4</val>
			<val value="5">5</val>
			<val value="6">6</val>
			<val value="7">7</val>
			<val value="8">8</val>
			<val value="9">9</val>
			<val value="12">GEN</val>
			<val value="13">GR</val>
			<val value="14">AMB</val>
			<val value="15">AUX</val>
		</conf>
		<conf num="2" pos="3">
			<desc G_name="c_pl" P_name=""/>
			<name>PL1</name>
			<val value="0">0</val>
			<val value="1">1</val>
			<val value="2">2</val>
			<val value="3">3</val>
			<val value="4">4</val>
			<val value="5">5</val>
			<val value="6">6</val>
			<val value="7">7</val>
			<val value="8">8</val>
			<val value="9">9</val>
		</conf>
		<conf num="3" pos="5">
			<desc G_name="c_function" P_name=""/>
			<name>M1</name>
			<val value="0">0</val>
			<val value="1">1</val>
			<val value="2">2</val>
			<val value="3">3</val>
			<val value="4">4</val>
			<val value="5">5</val>
			<val value="6">6</val>
			<val value="7">7</val>
			<val value="8">8</val>
			<val value="9">O/I</val>
			<val value="10">OFF</val>
			<val value="11">ON</val>
			<val value="12">=</val>
			<val value="13">=M</val>
			<val value="14">CEN</val>
			<val value="15">PUL</val>
		</conf>
		<conf num="4" pos="2">
			<desc G_name="c_ambient" P_name=""/>
			<name>A2</name>
			<val value="0">0</val>
			<val value="1">1</val>
			<val value="2">2</val>
			<val value="3">3</val>
			<val value="4">4</val>
			<val value="5">5</val>
			<val value="6">6</val>
			<val value="7">7</val>
			<val value="8">8</val>
			<val value="9">9</val>
			<val value="12">GEN</val>
			<val value="13">GR</val>
			<val value="14">AMB</val>
			<val value="15">AUX</val>
		</conf>
		<conf num="5" pos="4">
			<desc G_name="c_pl" P_name=""/>
			<name>PL2</name>
			<val value="0">0</val>
			<val value="1">1</val>
			<val value="2">2</val>
			<val value="3">3</val>
			<val value="4">4</val>
			<val value="5">5</val>
			<val value="6">6</val>
			<val value="7">7</val>
			<val value="8">8</val>
			<val value="9">9</val>
		</conf>
		<conf num="6" pos="6">
			<desc G_name="c_function" P_name=""/>
			<name>M2</name>
			<val value="0">0</val>
			<val value="1">1</val>
			<val value="2">2</val>
			<val value="3">3</val>
			<val value="4">4</val>
			<val value="5">5</val>
			<val value="6">6</val>
			<val value="7">7</val>
			<val value="8">8</val>
			<val value="9">O/I</val>
			<val value="10">OFF</val>
			<val value="11">ON</val>
			<val value="12">=</val>
			<val value="13">=M</val>
			<val value="14">CEN</val>
			<val value="15">PUL</val>
		</conf>
	</conf>
	<dia type="A">
		<!--		<bit num="1" name="HD" />-->
		<bit num="4" name="configuratori"/>
		<bit num="20" name="E2i"/>
	</dia>
	<KeyObject_list>
		<KO slot="2" default="500">
			<val value="400"/>
			<val value="401"/>
			<val value="404"/>
			<val value="406"/>
			<val value="407"/>
			<val value="500"/>
		</KO>
	</KeyObject_list>
</root>
