<root xmlType="product" name="prod_BMDI3201" versionXML="1.0.0">
   <cod brand="0" code="0">BMDI3201</cod>
   <cod brand="1" code="0">BMDI3201</cod>
   <cod brand="2" code="0">048844</cod>
   <modobj>170</modobj>
   <typeobj>2</typeobj>
   <desc G_name="" P_name="description"/>
   <configTY>1</configTY>
   <SWvs>1.0.0</SWvs>
   <conf>
   </conf>
   <dia type="A">
		<bit num="0" name="occupato" />
		<bit num="1" name="HD" />
		<bit num="2" name="wrongConfig" />
		<bit num="3" name="sistema" />
		<bit num="4" name="configuratori" />
		<bit num="5" name="d_abilitato" />
		<bit num="16" name="E2e" />
		<bit num="17" name="pp" />
		<bit num="18" name="carico" />
		<bit num="19" name="Dali" />
		<bit num="20" name="E2i" />
		<bit num="21" name="Memory" />
	</dia>
   <KeyObject_list>
		<KO slot="8">
			<val value="8" />
		</KO>
		<KO slot="1">
			<val value="167" />
		</KO>
   </KeyObject_list>
</root>
