<root xmlType="product" name="prod_F425" versionXML="1.1">
   <cod brand="0" code="0">F425</cod>
   <cod brand="1" code="0">F425</cod>
   <cod brand="2" code="0">003552</cod>
   <modobj>54</modobj>
   <typeobj>2</typeobj>
   <desc G_name="" P_name="description"/>
   <configTY>1</configTY>
   <SWvs>3.0.0</SWvs>
   <conf>
      <conf num="1" pos="1">
         <desc G_name="c_amb" P_name=""/>
         <name>A</name>
         <val value="0">0</val>
         <val value="1">1</val>
         <val value="2">2</val>
         <val value="3">3</val>
         <val value="4">4</val>
         <val value="5">5</val>
         <val value="6">6</val>
         <val value="7">7</val>
         <val value="8">8</val>
         <val value="9">9</val>
      </conf>
      <conf num="2" pos="2">
         <desc G_name="c_pl" P_name=""/>
         <name>PL</name>
         <val value="1">1</val>
         <val value="2">2</val>
         <val value="3">3</val>
         <val value="4">4</val>
         <val value="5">5</val>
         <val value="6">6</val>
         <val value="7">7</val>
         <val value="8">8</val>
         <val value="9">9</val>
      </conf>
   </conf>
   <dia type="A">
      <!--		<bit num="1" name="HD" />-->
      <!--		<bit num="3" name="sistema" />-->
      <bit num="4" name="configuratori"/>
      <bit num="17" name="pp"/>
      <bit num="20" name="E2i"/>
      <bit num="21" name="blocco"/>
   </dia>
   <KeyObject_list>
		<KO slot="1">
			<val value="30"/>
		</KO>
	</KeyObject_list>
</root>
