<root xmlType="product" name="prod_F411_2" versionXML="1.1">
   <cod brand="0" code="0">F411/2</cod>
   <cod brand="1" code="0">F411/2</cod>
   <cod brand="2" code="0">003842</cod>
   <modobj>05</modobj>
   <typeobj>2</typeobj>
   <desc G_name="" P_name="description"/>
   <configTY>1</configTY>
   <SWvs>5.0.0</SWvs>
   <conf>
      <conf num="1" pos="1">
         <desc G_name="c_ambient" P_name=""/>
         <name>A</name>
         <val value="1">1</val>
         <val value="2">2</val>
         <val value="3">3</val>
         <val value="4">4</val>
         <val value="5">5</val>
         <val value="6">6</val>
         <val value="7">7</val>
         <val value="8">8</val>
         <val value="9">9</val>
      </conf>
      <conf num="2" pos="3">
         <desc G_name="c_pl" P_name=""/>
         <name>PL1</name>
         <val value="0">0</val>
         <val value="1">1</val>
         <val value="2">2</val>
         <val value="3">3</val>
         <val value="4">4</val>
         <val value="5">5</val>
         <val value="6">6</val>
         <val value="7">7</val>
         <val value="8">8</val>
         <val value="9">9</val>
      </conf>
      <conf num="3" pos="5">
         <desc G_name="c_pl" P_name=""/>
         <name>PL2</name>
         <val value="0">0</val>
         <val value="1">1</val>
         <val value="2">2</val>
         <val value="3">3</val>
         <val value="4">4</val>
         <val value="5">5</val>
         <val value="6">6</val>
         <val value="7">7</val>
         <val value="8">8</val>
         <val value="9">9</val>
      </conf>
      <conf num="4" pos="2">
         <desc G_name="c_group" P_name=""/>
         <name>G</name>
         <val value="0">0</val>
         <val value="1">1</val>
         <val value="2">2</val>
         <val value="3">3</val>
         <val value="4">4</val>
         <val value="5">5</val>
         <val value="6">6</val>
         <val value="7">7</val>
         <val value="8">8</val>
         <val value="9">9</val>
      </conf>
      <conf num="5" pos="4">
         <desc G_name="c_function" P_name=""/>
         <name>M</name>
         <val value="0">0</val>
         <val value="1">1</val>
         <val value="2">2</val>
         <val value="3">3</val>
         <val value="4">4</val>
		 <val value="5">5</val>
		 <val value="6">6</val>
		 <val value="7">7</val>
		 <val value="8">8</val>
		 <val value="9">9</val>
         <val G_name="slave" P_name="" value="11">SLA</val>
         <val value="15">PUL</val>
      </conf>
   </conf>
   <dia type="A">
      <bit num="4" name="configuratori"/>
      <bit num="5" name="abilitato"/>
   </dia>
   <KeyObject_list>
		<KO slot="2" default="510">
			<val value="6"/>
			<val value="7"/>
			<val value="510"/>
		</KO>
	</KeyObject_list>
</root>
