<root xmlType="product" name="prod_F422" versionXML="1.1">
   <cod brand="0" code="0">F422</cod>
   <cod brand="1" code="0">F422</cod>
   <cod brand="2" code="0">003562</cod>
   <modobj>69,151,251</modobj>
   <typeobj>3</typeobj>
   <desc G_name="" P_name="description"/>
   <configTY>1</configTY>
   <SWvs>5.0.0</SWvs>
   <conf>
      <conf num="1" pos="1">
         <desc G_name="c_int" P_name=""/>
         <name>I1</name>
         <val value="0">0</val>
         <val value="1">1</val>
         <val value="2">2</val>
         <val value="3">3</val>
      </conf>
      <conf num="2" pos="2">
         <desc G_name="c_int" P_name=""/>
         <name>I2</name>
         <val value="0">0</val>
         <val value="1">1</val>
         <val value="2">2</val>
         <val value="3">3</val>
         <val value="4">4</val>
         <val value="5">5</val>
         <val value="6">6</val>
         <val value="7">7</val>
         <val value="8">8</val>
         <val value="9">9</val>
      </conf>
      <conf num="3" pos="3">
         <desc G_name="c_int" P_name=""/>
         <name>I3</name>
         <val value="0">0</val>
         <val value="1">1</val>
         <val value="2">2</val>
         <val value="3">3</val>
         <val value="4">4</val>
         <val value="5">5</val>
         <val value="6">6</val>
         <val value="7">7</val>
         <val value="8">8</val>
         <val value="9">9</val>
      </conf>
      <conf num="4" pos="4">
         <desc G_name="c_int" P_name=""/>
         <name>I4</name>
         <val value="0">0</val>
         <val value="1">1</val>
         <val value="2">2</val>
         <val value="3">3</val>
         <val value="4">4</val>
         <val value="5">5</val>
         <val value="6">6</val>
         <val value="7">7</val>
         <val value="8">8</val>
         <val value="9">9</val>
      </conf>
      <conf num="5" pos="5">
         <desc G_name="c_function" P_name=""/>
         <name>MOD</name>
         <val value="0">0</val>
         <val value="1">1</val>
         <val value="2">2</val>
         <val value="3">3</val>
         <val value="4">4</val>
         <val value="5">5</val>
         <val value="14">CEN</val>
      </conf>
   </conf>
   <dia type="A">
      <!--		<bit num="1" name="HD" />-->
      <bit num="4" name="configuratori"/>
   </dia>
</root>
