<root xmlType="product" name="prod_3550" versionXML="1.1">
   <cod brand="0" code="0">3550</cod>
   <cod brand="1" code="0">3550</cod>
   <cod brand="2" code="2">573918</cod>
   <modobj>2</modobj>
   <desc G_name="" P_name="description"/>
   <configTY>1</configTY>
   <SWvs>1.0.0</SWvs>
   <conf>
      <conf num="1" pos="1">
         <desc G_name="c_zon" P_name=""/>
         <name>RISC</name>
         <val value="0">NO</val>
		 <val value="1">YES</val>
      </conf>
      <conf num="2" pos="2">
         <desc G_name="c_zon" P_name=""/>
         <name>COND</name>
         <val value="0">NO</val>
         <val value="1">YES</val>
      </conf>
   </conf>
   <dia type="A">
      <!--		<bit num="1" name="HD" />-->
      <!--		<bit num="3" name="sistema" />-->
      <bit num="0" name="occupato"/>
      <bit num="3" name="sistema_t"/>
      <bit num="4" name="configuratori"/>
      <bit num="8" name="Attuatore_T"/>
      <bit num="9" name="Slave_T"/>
      <bit num="10" name="Temperatura_T"/>
      <bit num="11" name="eeprom_T"/>
      <bit num="12" name="pompa_T"/>
      <bit num="14" name="batteria"/>
      <bit num="15" name="orologio_T"/>
      <bit num="16" name="sonda1_T"/>
      <bit num="17" name="sonda2_T"/>
      <bit num="18" name="carichi_T"/>
   </dia>
</root>
