<root xmlType="product" name="prod_4692" versionXML="1.1">
   <cod brand="0" code="0">L/N/NT4692</cod>
   <cod brand="1" code="0">L/N/NT4692</cod>
   <cod brand="1" code="1">L/N/NT4692</cod>
   <cod brand="2" code="1">687390</cod>
   <cod brand="2" code="2">573922</cod>
   <modobj>20</modobj>
   <desc G_name="" P_name="description"/>
   <configTY>1</configTY>
   <SWvs>1.0.0</SWvs>
   <conf>
      <conf num="1" pos="1">
         <desc G_name="c_zon" P_name=""/>
         <name>ZA</name>
         <val value="0">0</val>
         <val value="1">1</val>
         <val value="2">2</val>
         <val value="3">3</val>
         <val value="4">4</val>
         <val value="5">5</val>
         <val value="6">6</val>
         <val value="7">7</val>
         <val value="8">8</val>
         <val value="9">9</val>
      </conf>
      <conf num="2" pos="2">
         <desc G_name="c_zon" P_name=""/>
         <name>ZB</name>
         <val value="0">0</val>
         <val value="1">1</val>
         <val value="2">2</val>
         <val value="3">3</val>
         <val value="4">4</val>
         <val value="5">5</val>
         <val value="6">6</val>
         <val value="7">7</val>
         <val value="8">8</val>
         <val value="9">9</val>
      </conf>
      <conf num="3" pos="3">
         <desc G_name="salve" P_name=""/>
         <name>SLA</name>
         <val value="0">0</val>
         <val value="1">1</val>
         <val value="2">2</val>
         <val value="3">3</val>
         <val value="4">4</val>
         <val value="5">5</val>
         <val value="6">6</val>
         <val value="7">7</val>
         <val value="8">8</val>
      </conf>
   </conf>
   <dia type="A">
      <!--		<bit num="1" name="HD" />-->
      <!--		<bit num="3" name="sistema" />-->
      <bit num="0" name="occupato"/>
      <bit num="3" name="sistema_t"/>
      <bit num="4" name="configuratori"/>
      <bit num="8" name="Attuatore_T"/>
      <bit num="9" name="Slave_T"/>
      <bit num="10" name="Temperatura_T"/>
      <bit num="11" name="eeprom_T"/>
      <bit num="12" name="pompa_T"/>
      <bit num="18" name="carichi_T"/>
   </dia>
</root>
