<root xmlType="product" name="prod_F430_4" versionXML="1.1">
   <cod brand="0" code="0">F430/4</cod>
   <cod brand="1" code="0">F430/4</cod>
   <cod brand="2" code="0">03580</cod>
   <modobj>145</modobj>
   <desc G_name="" P_name="description"/>
   <configTY>1</configTY>
   <SWvs>3.0.0</SWvs>
   <conf>
      <conf num="1" pos="1">
         <desc G_name="c_zon" P_name=""/>
         <name>ZA</name>
         <val value="0">0</val>
         <val value="1">1</val>
         <val value="2">2</val>
         <val value="3">3</val>
         <val value="4">4</val>
         <val value="5">5</val>
         <val value="6">6</val>
         <val value="7">7</val>
         <val value="8">8</val>
         <val value="9">9</val>
      </conf>
      <conf num="2" pos="2">
         <desc G_name="c_zon" P_name=""/>
         <name>ZB1</name>
         <val value="0">0</val>
         <val value="1">1</val>
         <val value="2">2</val>
         <val value="3">3</val>
         <val value="4">4</val>
         <val value="5">5</val>
         <val value="6">6</val>
         <val value="7">7</val>
         <val value="8">8</val>
         <val value="9">9</val>
         <val value="10">OFF</val>
      </conf>
      <conf num="3" pos="3">
         <desc G_name="c_zon" P_name=""/>
         <name>ZB2</name>
         <val value="0">0</val>
         <val value="1">1</val>
         <val value="2">2</val>
         <val value="3">3</val>
         <val value="4">4</val>
         <val value="5">5</val>
         <val value="6">6</val>
         <val value="7">7</val>
         <val value="8">8</val>
         <val value="9">9</val>
         <val value="10">OFF</val>
      </conf>
      <conf num="4" pos="4">
         <desc G_name="c_zon" P_name=""/>
         <name>ZB3</name>
         <val value="0">0</val>
         <val value="1">1</val>
         <val value="2">2</val>
         <val value="3">3</val>
         <val value="4">4</val>
         <val value="5">5</val>
         <val value="6">6</val>
         <val value="7">7</val>
         <val value="8">8</val>
         <val value="9">9</val>
         <val value="10">OFF</val>
      </conf>
      <conf num="5" pos="5">
         <desc G_name="c_zon" P_name=""/>
         <name>ZB4</name>
         <val value="0">0</val>
         <val value="1">1</val>
         <val value="2">2</val>
         <val value="3">3</val>
         <val value="4">4</val>
         <val value="5">5</val>
         <val value="6">6</val>
         <val value="7">7</val>
         <val value="8">8</val>
         <val value="9">9</val>
         <val value="10">OFF</val>
      </conf>
      <conf num="6" pos="6">
         <desc G_name="c_num" P_name=""/>
         <name>N</name>
         <val value="1">1</val>
         <val value="2">2</val>
         <val value="3">3</val>
         <val value="4">4</val>
         <val value="5">5</val>
         <val value="6">6</val>
         <val value="7">7</val>
         <val value="8">8</val>
         <val value="9">9</val>
      </conf>
   </conf>
   <dia type="A">
      <!--		<bit num="1" name="HD" />-->
      <!--		<bit num="3" name="sistema" />-->
      <bit num="4" name="configuratori"/>
      <bit num="20" name="E2i"/>
   </dia>
</root>
