<root xmlType="product" name="prod_generico" cod="generico"  versionXML="1.1">
	<modobj>00</modobj>
	<desc G_name="" P_name="description" />
	<configTY>1</configTY>
	<SWvs>0.0.0</SWvs>
	<conf>
		<conf num="1" pos="1">
			<desc name="" />
			<name>C 1</name>
			<val value="0">0</val>
			<val value="1">1</val>
			<val value="2">2</val>
			<val value="3">3</val>
			<val value="4">4</val>
			<val value="5">5</val>
			<val value="6">6</val>
			<val value="7">7</val>
			<val value="8">8</val>
			<val value="9">9</val>
			<val value="9" name="OI">O&#47;I</val>
			<val value="10" name="Off">OFF</val>
			<val value="11" name="slave">SLA</val>
			<val value="11" name="On">ON</val>
			<val value="12" name="Giu">=</val>
			<val value="13" name="Giu motore">=M</val>
			<val value="12" name="gen">GEN</val>
			<val value="13" name="gr">GR</val>
			<val value="14" name="amb">AMB</val>
			<val value="14" name="cen">CEN</val>
			<val value="15" name="pul">PUL</val>
			<val value="15" name="aux">AUX</val>
		</conf>
		<conf num="2" pos="2">
			<desc name="" />
			<name>C 2</name>
			<val value="0">0</val>
			<val value="1">1</val>
			<val value="2">2</val>
			<val value="3">3</val>
			<val value="4">4</val>
			<val value="5">5</val>
			<val value="6">6</val>
			<val value="7">7</val>
			<val value="8">8</val>
			<val value="9">9</val>
			<val value="9" name="OI">O&#47;I</val>
			<val value="10" name="Off">OFF</val>
			<val value="11" name="slave">SLA</val>
			<val value="11" name="On">ON</val>
			<val value="12" name="Giu">=</val>
			<val value="13" name="Giu motore">=M</val>
			<val value="12" name="gen">GEN</val>
			<val value="13" name="gr">GR</val>
			<val value="14" name="amb">AMB</val>
			<val value="14" name="cen">CEN</val>
			<val value="15" name="pul">PUL</val>
			<val value="15" name="aux">AUX</val>
		</conf>
		<conf num="3" pos="3">
			<desc name="" />
			<name>C 3</name>
			<val value="0">0</val>
			<val value="1">1</val>
			<val value="2">2</val>
			<val value="3">3</val>
			<val value="4">4</val>
			<val value="5">5</val>
			<val value="6">6</val>
			<val value="7">7</val>
			<val value="8">8</val>
			<val value="9">9</val>
			<val value="9" name="OI">O&#47;I</val>
			<val value="10" name="Off">OFF</val>
			<val value="11" name="slave">SLA</val>
			<val value="11" name="On">ON</val>
			<val value="12" name="Giu">=</val>
			<val value="13" name="Giu motore">=M</val>
			<val value="12" name="gen">GEN</val>
			<val value="13" name="gr">GR</val>
			<val value="14" name="amb">AMB</val>
			<val value="14" name="cen">CEN</val>
			<val value="15" name="pul">PUL</val>
			<val value="15" name="aux">AUX</val>
		</conf>
		<conf num="4" pos="4">
			<desc name="" />
			<name>C 4</name>
			<val value="0">0</val>
			<val value="1">1</val>
			<val value="2">2</val>
			<val value="3">3</val>
			<val value="4">4</val>
			<val value="5">5</val>
			<val value="6">6</val>
			<val value="7">7</val>
			<val value="8">8</val>
			<val value="9">9</val>
			<val value="9" name="OI">O&#47;I</val>
			<val value="10" name="Off">OFF</val>
			<val value="11" name="slave">SLA</val>
			<val value="11" name="On">ON</val>
			<val value="12" name="Giu">=</val>
			<val value="13" name="Giu motore">=M</val>
			<val value="12" name="gen">GEN</val>
			<val value="13" name="gr">GR</val>
			<val value="14" name="amb">AMB</val>
			<val value="14" name="cen">CEN</val>
			<val value="15" name="pul">PUL</val>
			<val value="15" name="aux">AUX</val>
		</conf>
		<conf num="5" pos="5">
			<desc name="" />
			<name>C 5</name>
			<val value="0">0</val>
			<val value="1">1</val>
			<val value="2">2</val>
			<val value="3">3</val>
			<val value="4">4</val>
			<val value="5">5</val>
			<val value="6">6</val>
			<val value="7">7</val>
			<val value="8">8</val>
			<val value="9">9</val>
			<val value="9" name="OI">O&#47;I</val>
			<val value="10" name="Off">OFF</val>
			<val value="11" name="slave">SLA</val>
			<val value="11" name="On">ON</val>
			<val value="12" name="Giu">=</val>
			<val value="13" name="Giu motore">=M</val>
			<val value="12" name="gen">GEN</val>
			<val value="13" name="gr">GR</val>
			<val value="14" name="amb">AMB</val>
			<val value="14" name="cen">CEN</val>
			<val value="15" name="pul">PUL</val>
			<val value="15" name="aux">AUX</val>
		</conf>
		<conf num="6" pos="6">
			<desc name="" />
			<name>C 6</name>
			<val value="0">0</val>
			<val value="1">1</val>
			<val value="2">2</val>
			<val value="3">3</val>
			<val value="4">4</val>
			<val value="5">5</val>
			<val value="6">6</val>
			<val value="7">7</val>
			<val value="8">8</val>
			<val value="9">9</val>
			<val value="9" name="OI">O&#47;I</val>
			<val value="10" name="Off">OFF</val>
			<val value="11" name="slave">SLA</val>
			<val value="11" name="On">ON</val>
			<val value="12" name="Giu">=</val>
			<val value="13" name="Giu motore">=M</val>
			<val value="12" name="gen">GEN</val>
			<val value="13" name="gr">GR</val>
			<val value="14" name="amb">AMB</val>
			<val value="14" name="cen">CEN</val>
			<val value="15" name="pul">PUL</val>
			<val value="15" name="aux">AUX</val>
		</conf>
		<conf num="7" pos="1">
			<desc name="" />
			<name>C 7</name>
			<val value="0">0</val>
			<val value="1">1</val>
			<val value="2">2</val>
			<val value="3">3</val>
			<val value="4">4</val>
			<val value="5">5</val>
			<val value="6">6</val>
			<val value="7">7</val>
			<val value="8">8</val>
			<val value="9">9</val>
			<val value="9" name="OI">O&#47;I</val>
			<val value="10" name="Off">OFF</val>
			<val value="11" name="slave">SLA</val>
			<val value="11" name="On">ON</val>
			<val value="12" name="Giu">=</val>
			<val value="13" name="Giu motore">=M</val>
			<val value="12" name="gen">GEN</val>
			<val value="13" name="gr">GR</val>
			<val value="14" name="amb">AMB</val>
			<val value="14" name="cen">CEN</val>
			<val value="15" name="pul">PUL</val>
			<val value="15" name="aux">AUX</val>
		</conf>
		<conf num="8" pos="2">
			<desc name="" />
			<name>C 8</name>
			<val value="0">0</val>
			<val value="1">1</val>
			<val value="2">2</val>
			<val value="3">3</val>
			<val value="4">4</val>
			<val value="5">5</val>
			<val value="6">6</val>
			<val value="7">7</val>
			<val value="8">8</val>
			<val value="9">9</val>
			<val value="9" name="OI">O&#47;I</val>
			<val value="10" name="Off">OFF</val>
			<val value="11" name="slave">SLA</val>
			<val value="11" name="On">ON</val>
			<val value="12" name="Giu">=</val>
			<val value="13" name="Giu motore">=M</val>
			<val value="12" name="gen">GEN</val>
			<val value="13" name="gr">GR</val>
			<val value="14" name="amb">AMB</val>
			<val value="14" name="cen">CEN</val>
			<val value="15" name="pul">PUL</val>
			<val value="15" name="aux">AUX</val>
		</conf>
		<conf num="9" pos="3">
			<desc name="" />
			<name>C 9</name>
			<val value="0">0</val>
			<val value="1">1</val>
			<val value="2">2</val>
			<val value="3">3</val>
			<val value="4">4</val>
			<val value="5">5</val>
			<val value="6">6</val>
			<val value="7">7</val>
			<val value="8">8</val>
			<val value="9">9</val>
			<val value="9" name="OI">O&#47;I</val>
			<val value="10" name="Off">OFF</val>
			<val value="11" name="slave">SLA</val>
			<val value="11" name="On">ON</val>
			<val value="12" name="Giu">=</val>
			<val value="13" name="Giu motore">=M</val>
			<val value="12" name="gen">GEN</val>
			<val value="13" name="gr">GR</val>
			<val value="14" name="amb">AMB</val>
			<val value="14" name="cen">CEN</val>
			<val value="15" name="pul">PUL</val>
			<val value="15" name="aux">AUX</val>
		</conf>
		<conf num="10" pos="4">
			<desc name="" />
			<name>C 10</name>
			<val value="0">0</val>
			<val value="1">1</val>
			<val value="2">2</val>
			<val value="3">3</val>
			<val value="4">4</val>
			<val value="5">5</val>
			<val value="6">6</val>
			<val value="7">7</val>
			<val value="8">8</val>
			<val value="9">9</val>
			<val value="9" name="OI">O&#47;I</val>
			<val value="10" name="Off">OFF</val>
			<val value="11" name="slave">SLA</val>
			<val value="11" name="On">ON</val>
			<val value="12" name="Giu">=</val>
			<val value="13" name="Giu motore">=M</val>
			<val value="12" name="gen">GEN</val>
			<val value="13" name="gr">GR</val>
			<val value="14" name="amb">AMB</val>
			<val value="14" name="cen">CEN</val>
			<val value="15" name="pul">PUL</val>
			<val value="15" name="aux">AUX</val>
		</conf>
		<conf num="11" pos="5">
			<desc name="" />
			<name>C 11</name>
			<val value="0">0</val>
			<val value="1">1</val>
			<val value="2">2</val>
			<val value="3">3</val>
			<val value="4">4</val>
			<val value="5">5</val>
			<val value="6">6</val>
			<val value="7">7</val>
			<val value="8">8</val>
			<val value="9">9</val>
			<val value="9" name="OI">O&#47;I</val>
			<val value="10" name="Off">OFF</val>
			<val value="11" name="slave">SLA</val>
			<val value="11" name="On">ON</val>
			<val value="12" name="Giu">=</val>
			<val value="13" name="Giu motore">=M</val>
			<val value="12" name="gen">GEN</val>
			<val value="13" name="gr">GR</val>
			<val value="14" name="amb">AMB</val>
			<val value="14" name="cen">CEN</val>
			<val value="15" name="pul">PUL</val>
			<val value="15" name="aux">AUX</val>
		</conf>
		<conf num="12" pos="6">
			<desc name="" />
			<name>C 12</name>
			<val value="0">0</val>
			<val value="1">1</val>
			<val value="2">2</val>
			<val value="3">3</val>
			<val value="4">4</val>
			<val value="5">5</val>
			<val value="6">6</val>
			<val value="7">7</val>
			<val value="8">8</val>
			<val value="9">9</val>
			<val value="9" name="OI">O&#47;I</val>
			<val value="10" name="Off">OFF</val>
			<val value="11" name="slave">SLA</val>
			<val value="11" name="On">ON</val>
			<val value="12" name="Giu">=</val>
			<val value="13" name="Giu motore">=M</val>
			<val value="12" name="gen">GEN</val>
			<val value="13" name="gr">GR</val>
			<val value="14" name="amb">AMB</val>
			<val value="14" name="cen">CEN</val>
			<val value="15" name="pul">PUL</val>
			<val value="15" name="aux">AUX</val>
		</conf>
	</conf>
	<dia type="A">
		<bit num="" name="generic" />
		<bit num="0" name="occupato" />
<!--		<bit num="1" name="HD" />-->
		<bit num="2" name="wrongConfig" />
<!--		<bit num="3" name="sistema" />-->
		<bit num="4" name="configuratori" />
		<bit num="5" name="d_abilitato" />
		<bit num="16" name="E2e" />
		<bit num="18" name="carico" />
		<bit num="20" name="E2i" />
	</dia>
</root>